INSERT INTO Hotel (hotelNo, hotelName, city)
VALUES
("001", "Ulaanbaatar", "UB"),
("002", "Holiday Inn", "UB"),
("003", "Shangri-La", "UB"),
("004", "Comfort", "Darkhan"),
("005", "Gem", "Erdenet");

INSERT INTO Room (roomNo, hotelNo, bed, price)
VALUES
("A101", "001", 2, 10000),
("A102", "001", 2, 15000),
("A201", "001", 3, 30000),
("A202", "001", 3, 40000),
("A203", "001", 4, 60000),
("B01", "002", 2, 8000),
("B02", "002", 2, 12000),
("B11", "002", 4, 25000),
("C1001", "003", 3, 40000),
("C1003", "003", 4, 60000),
("C6003", "003", 5, 70000),
("C8005", "003", 6, 80000),
("D11", "004", 2, 12000),
("D21", "004", 2, 15000),
("D22", "004", 3, 25000),
("E01", "005", 2, 11000),
("E02", "005", 3, 13000),
("E03", "005", 3, 15000);

INSERT INTO Booking (hotelNo, roomNo, guestNo, dateFrom, dateTo)
VALUES
("001", "A101", "G-01", '2019-09-12', '2019-09-14'),
("001", "A102", "G-01", '2019-10-12', '2019-10-14'),
("001", "A201", "G-02", '2019-11-12', '2019-11-14'),
("002", "B01", "G-03", '2019-12-12', '2019-12-14'),
("002", "B02", "G-04", '2019-12-12', '2019-12-14'),
("002", "B11", "G-05", '2020-03-12', '2019-09-14'),
("003", "C1001", "G-05", '2020-04-12', '2020-04-14'),
("003", "C1003", "G-06", '2020-05-12', '2020-05-14'),
("003", "C6003", "G-07", '2020-06-12', '2020-06-14'),
("003", "C8005", "G-07", '2021-07-12', '2021-07-14'),
("003", "C8005", "G-07", '2021-08-12', '2021-08-14'),
("004", "D21", "G-08", '2021-09-12', '2021-09-14'),
("004", "D22", "G-08", '2021-10-12', '2021-10-14'),
("005", "E02", "G-09", '2021-11-12', '2021-11-14'),
("005", "E03", "G-10", '2021-12-12', '2021-12-14');

INSERT INTO Guest (guestNo, guestName, guestAddress, phoneNo)
VALUES 
("G-01", "Bat", "Khan-Uul, UB", 99034959),
("G-02", "Saikhan", "Chingeltei, UB", 99342432),
("G-03", "Bayar", "Tariat, Arkhangai", 8584930),
("G-04", "John", "Khan-Uul, UB", 96304954),
("G-05", "Jack", "USA", 85832494),
("G-06", "Lut", "England", 99112434),
("G-07", "Xiao", "Chna", 99094939),
("G-08", "Badrakh", "Songinohairhan, UB", 99085757),
("G-09", "Vishnu", "India", 99032343),
("G-10", "Bayar", "Khan-Uul, UB", 99654324);